display_name,stub,dropdown_parent
Home,/,
People,
ISU People,/isu-people.html,People
People of Parks Profiles,/people-of-parks-profiles.html,People
State Parks,
Backbone State Park,/backbone-state-park.html,State Parks
Dolliver Memorial State Park,/dolliver-memorial-state-park.html,State Parks
Ledges State Park,/ledges-state-park.html,State Parks
Iowa State Parks Infographic,/iowa-state-parks-infographic.html,State Parks
History,
Establishment,/establishment.html,History
Land,/land.html,History
Design,/design.html,History
About,/about.html,